[{"name":"Chris Evans","userName":"steve123","balance":0,"items":[{"name":"Mjolnir","price":50,"id":26},{"name":"Iron Spider Suit","price":50,"id":41}]},{"name":"Paul Bettany","userName":"thevision","balance":100,"items":[{"name":"Mark X Suit","price":150,"id":97}]},{"name":"Paul Rudd","userName":"antpaul","balance":100,"items":[]},{"name":"Robert Downey Jr.","userName":"iamironman","balance":100,"items":[]},{"name":"Chris Hemsworth","userName":"noobmaster69","balance":200,"items":[]},{"name":"sdfsdfds","balance":"100","items":[]},{"name":"","userName":"","balance":"100","items":[]},{"name":"dsfadsf","userName":"Justin","balance":"100","items":[]},{"name":"Justin","userName":"BIllyJoel","balance":1000,"items":[{"name":"Mindstone","price":50,"id":32}]},{"name":"justin","userName":"Ganzjm","balance":"500000","items":[]}]